,mean_fit_time,std_fit_time,mean_score_time,std_score_time,param_l1_ratio,param_C,params,split0_test_score,split1_test_score,split2_test_score,split3_test_score,split4_test_score,mean_test_score,std_test_score,rank_test_score,split0_train_score,split1_train_score,split2_train_score,split3_train_score,split4_train_score,mean_train_score,std_train_score,class
0,0.0011318206787109375,6.987111003666821e-05,0.0005803108215332031,4.9008097376269865e-05,0.0,0.1,"{'l1_ratio': 0.0, 'C': 0.1}",0.9,1.0,1.0,0.6785714285714286,0.875,0.8907142857142857,0.11766434446842283,1,0.9976851851851852,0.9909502262443439,0.9728506787330318,0.9932126696832579,0.9803921568627451,0.9870181833417128,0.0090800877142167,Fermented
1,0.001896047592163086,0.0004559848815607785,0.00086669921875,0.00031090957964583285,0.0,0.2682695795279726,"{'l1_ratio': 0.0, 'C': 0.2682695795279726}",0.8666666666666667,1.0,1.0,0.7142857142857143,0.8333333333333333,0.8828571428571429,0.10823674396324093,2,1.0,0.997737556561086,0.9932126696832579,0.997737556561086,0.9956427015250544,0.9968660968660968,0.002288425624461484,Fermented
2,0.0026254177093505858,0.0013279267505914094,0.0007030963897705078,0.00019808139256572124,0.05,0.43939705607607904,"{'l1_ratio': 0.05, 'C': 0.43939705607607904}",0.8333333333333334,1.0,1.0,0.75,0.75,0.8666666666666668,0.1130388330520878,3,1.0,1.0,1.0,1.0,1.0,1.0,0.0,Fermented
3,0.004279661178588867,0.000435227520362617,0.0010297298431396484,0.0001436790355831596,0.30000000000000004,1.1787686347935873,"{'l1_ratio': 0.30000000000000004, 'C': 1.1787686347935873}",0.8333333333333334,1.0,1.0,0.75,0.75,0.8666666666666668,0.1130388330520878,3,1.0,1.0,1.0,1.0,1.0,1.0,0.0,Fermented
4,0.0028906345367431642,0.0003741287072876228,0.0010349273681640625,0.0003379400616705648,0.1,0.7196856730011519,"{'l1_ratio': 0.1, 'C': 0.7196856730011519}",0.8333333333333334,1.0,1.0,0.75,0.75,0.8666666666666668,0.1130388330520878,3,1.0,1.0,1.0,1.0,1.0,1.0,0.0,Fermented
5,0.0036762714385986327,0.0010385695522415759,0.0007544994354248047,0.0001442962029065692,0.25,1.1787686347935873,"{'l1_ratio': 0.25, 'C': 1.1787686347935873}",0.8333333333333334,1.0,1.0,0.75,0.75,0.8666666666666668,0.1130388330520878,3,1.0,1.0,1.0,1.0,1.0,1.0,0.0,Fermented
6,0.0030758857727050783,0.00023502516525351216,0.0008565902709960938,0.00015769541921313303,0.15000000000000002,0.7196856730011519,"{'l1_ratio': 0.15000000000000002, 'C': 0.7196856730011519}",0.8333333333333334,1.0,1.0,0.75,0.75,0.8666666666666668,0.1130388330520878,3,1.0,1.0,1.0,1.0,1.0,1.0,0.0,Fermented
7,0.0022315025329589845,0.0005149623327586908,0.0007639408111572265,0.00023131303211114943,0.0,0.7196856730011519,"{'l1_ratio': 0.0, 'C': 0.7196856730011519}",0.8666666666666667,1.0,0.9642857142857143,0.75,0.75,0.8661904761904762,0.10443021083115922,8,1.0,1.0,1.0,1.0,1.0,1.0,0.0,Fermented
8,0.0070210456848144535,0.0028466104546299585,0.0007966041564941406,0.00012287922407622822,0.4,1.9306977288832496,"{'l1_ratio': 0.4, 'C': 1.9306977288832496}",0.8333333333333334,1.0,1.0,0.7857142857142856,0.7083333333333334,0.8654761904761905,0.11686086849340976,9,1.0,1.0,1.0,1.0,1.0,1.0,0.0,Fermented
9,0.012361574172973632,0.004255766207159943,0.0011530399322509765,0.00016946194197566103,0.4,8.483428982440717,"{'l1_ratio': 0.4, 'C': 8.483428982440717}",0.9,0.9285714285714286,0.9285714285714286,0.8571428571428571,0.7083333333333334,0.8645238095238096,0.08235617574013307,10,1.0,1.0,1.0,1.0,1.0,1.0,0.0,Fermented
10,0.010787343978881836,0.0025453584057504894,0.0012230873107910156,0.00045163097218840466,0.35000000000000003,5.17947467923121,"{'l1_ratio': 0.35000000000000003, 'C': 5.17947467923121}",0.9,0.9285714285714286,0.9285714285714286,0.8214285714285714,0.7083333333333334,0.8573809523809522,0.08421439005338394,11,1.0,1.0,1.0,1.0,1.0,1.0,0.0,Fermented
11,0.003232526779174805,0.0021771812786524143,0.0006424427032470703,0.00015538561005940053,0.15000000000000002,0.43939705607607904,"{'l1_ratio': 0.15000000000000002, 'C': 0.43939705607607904}",0.8333333333333334,1.0,0.9642857142857143,0.7142857142857143,0.75,0.8523809523809526,0.11333933557535147,12,1.0,1.0,0.997737556561086,0.997737556561086,0.9978213507625273,0.9986592927769399,0.0010951103906622634,Fermented
12,0.004682397842407227,0.0008246480956559766,0.0008344650268554688,9.606984859666642e-05,0.0,3.1622776601683795,"{'l1_ratio': 0.0, 'C': 3.1622776601683795}",0.9,0.9285714285714286,0.8928571428571429,0.8214285714285714,0.7083333333333334,0.8502380952380951,0.07924101414037724,13,1.0,1.0,1.0,1.0,1.0,1.0,0.0,Fermented
13,0.017172813415527344,0.0029113669697984736,0.0010651111602783202,0.00020084138834362467,0.9500000000000001,13.894954943731374,"{'l1_ratio': 0.9500000000000001, 'C': 13.894954943731374}",0.9,0.9285714285714286,0.9285714285714286,0.8214285714285714,0.6666666666666667,0.849047619047619,0.0992671559679648,14,1.0,1.0,1.0,1.0,1.0,1.0,0.0,Fermented
14,0.011446666717529298,0.0024133051195684703,0.0008786678314208985,0.00013272337232607848,0.9500000000000001,22.758459260747887,"{'l1_ratio': 0.9500000000000001, 'C': 22.758459260747887}",0.9,0.8928571428571428,0.9285714285714286,0.8571428571428571,0.6666666666666667,0.849047619047619,0.09398702086300503,14,1.0,1.0,1.0,1.0,1.0,1.0,0.0,Fermented
15,0.012216329574584961,0.003543855553037315,0.0010014057159423828,0.00018275062629831437,0.65,22.758459260747887,"{'l1_ratio': 0.65, 'C': 22.758459260747887}",0.9,0.8928571428571428,0.9285714285714286,0.8571428571428571,0.6666666666666667,0.849047619047619,0.09398702086300503,14,1.0,1.0,1.0,1.0,1.0,1.0,0.0,Fermented
16,0.013405561447143555,0.0020275076996648304,0.001073598861694336,8.261594240172485e-05,0.7000000000000001,22.758459260747887,"{'l1_ratio': 0.7000000000000001, 'C': 22.758459260747887}",0.9,0.8928571428571428,0.9285714285714286,0.8571428571428571,0.6666666666666667,0.849047619047619,0.09398702086300503,14,1.0,1.0,1.0,1.0,1.0,1.0,0.0,Fermented
17,0.008261632919311524,0.001441419595810902,0.0008686065673828125,0.00013048685209020414,0.75,22.758459260747887,"{'l1_ratio': 0.75, 'C': 22.758459260747887}",0.9,0.8928571428571428,0.9285714285714286,0.8571428571428571,0.6666666666666667,0.849047619047619,0.09398702086300503,14,1.0,1.0,1.0,1.0,1.0,1.0,0.0,Fermented
18,0.009447240829467773,0.0008936646701310575,0.0012190818786621093,0.00016961992517418683,0.7000000000000001,8.483428982440717,"{'l1_ratio': 0.7000000000000001, 'C': 8.483428982440717}",0.8666666666666667,0.9285714285714286,0.9285714285714286,0.8214285714285714,0.6666666666666667,0.8423809523809525,0.0967077088570552,19,1.0,1.0,1.0,1.0,1.0,1.0,0.0,Fermented
19,0.005854177474975586,0.0009557942360541957,0.0009835243225097656,7.00456419093922e-05,0.5,1.9306977288832496,"{'l1_ratio': 0.5, 'C': 1.9306977288832496}",0.8333333333333334,1.0,1.0,0.75,0.625,0.8416666666666668,0.1452966314513558,20,1.0,1.0,1.0,1.0,1.0,1.0,0.0,Fermented
20,0.008799314498901367,0.0012618123318105324,0.0009735584259033203,0.00015405483228362826,0.15000000000000002,13.894954943731374,"{'l1_ratio': 0.15000000000000002, 'C': 13.894954943731374}",0.8666666666666667,0.8928571428571428,0.8928571428571429,0.8571428571428571,0.6666666666666667,0.8352380952380953,0.08546789984995477,21,1.0,1.0,1.0,1.0,1.0,1.0,0.0,Fermented
21,0.01542367935180664,0.0059295264208039855,0.0009723186492919921,0.0001959464468963842,0.8500000000000001,37.27593720314938,"{'l1_ratio': 0.8500000000000001, 'C': 37.27593720314938}",0.9,0.8571428571428571,0.8928571428571429,0.8571428571428571,0.6666666666666667,0.8347619047619048,0.0858939915115008,22,1.0,1.0,1.0,1.0,1.0,1.0,0.0,Fermented
22,0.010447835922241211,0.003292087755084767,0.0009428024291992188,0.0002405417604684909,1.0,5.17947467923121,"{'l1_ratio': 1.0, 'C': 5.17947467923121}",0.8666666666666667,0.9642857142857143,1.0,0.75,0.5833333333333334,0.832857142857143,0.15197415939796,23,1.0,1.0,1.0,1.0,1.0,1.0,0.0,Fermented
23,0.013279247283935546,0.0043649136779799645,0.001200389862060547,0.00033665954199184854,0.25,100.0,"{'l1_ratio': 0.25, 'C': 100.0}",0.8666666666666667,0.8571428571428571,0.8928571428571429,0.8571428571428571,0.6666666666666667,0.8280952380952382,0.0817662172643096,24,1.0,1.0,1.0,1.0,1.0,1.0,0.0,Fermented
24,0.00912160873413086,0.0003795851827604539,0.0010024070739746093,0.00021898902104447302,0.5,61.054022965853264,"{'l1_ratio': 0.5, 'C': 61.054022965853264}",0.8666666666666667,0.8571428571428571,0.8928571428571429,0.8571428571428571,0.6666666666666667,0.8280952380952382,0.0817662172643096,24,1.0,1.0,1.0,1.0,1.0,1.0,0.0,Fermented
25,0.009123086929321289,0.001185220689056704,0.001157093048095703,5.0345378556034786e-05,0.1,100.0,"{'l1_ratio': 0.1, 'C': 100.0}",0.8666666666666667,0.8571428571428571,0.8928571428571429,0.8571428571428571,0.6666666666666667,0.8280952380952382,0.0817662172643096,24,1.0,1.0,1.0,1.0,1.0,1.0,0.0,Fermented
26,0.012754869461059571,0.0033357980843875933,0.0010916233062744141,5.4817942997214204e-05,0.75,61.054022965853264,"{'l1_ratio': 0.75, 'C': 61.054022965853264}",0.8666666666666667,0.8571428571428571,0.8928571428571429,0.8571428571428571,0.6666666666666667,0.8280952380952382,0.0817662172643096,24,1.0,1.0,1.0,1.0,1.0,1.0,0.0,Fermented
27,0.008907461166381836,0.0011896470594773183,0.001110219955444336,0.00017596212481848968,0.1,22.758459260747887,"{'l1_ratio': 0.1, 'C': 22.758459260747887}",0.8666666666666667,0.8571428571428571,0.8928571428571429,0.8571428571428571,0.6666666666666667,0.8280952380952382,0.0817662172643096,24,1.0,1.0,1.0,1.0,1.0,1.0,0.0,Fermented
28,0.012987661361694335,0.001750288117180098,0.0010721683502197266,0.0001072031318376846,0.05,61.054022965853264,"{'l1_ratio': 0.05, 'C': 61.054022965853264}",0.8666666666666667,0.8571428571428571,0.8928571428571429,0.8571428571428571,0.6666666666666667,0.8280952380952382,0.0817662172643096,24,1.0,1.0,1.0,1.0,1.0,1.0,0.0,Fermented
29,0.009463119506835937,0.0026505110788355777,0.0009160518646240234,0.00018637876783087268,0.9,61.054022965853264,"{'l1_ratio': 0.9, 'C': 61.054022965853264}",0.8666666666666667,0.8571428571428571,0.8928571428571429,0.8571428571428571,0.6666666666666667,0.8280952380952382,0.0817662172643096,24,1.0,1.0,1.0,1.0,1.0,1.0,0.0,Fermented
30,0.020028305053710938,0.004107941987262617,0.0011416435241699218,8.28505900265279e-05,0.6000000000000001,61.054022965853264,"{'l1_ratio': 0.6000000000000001, 'C': 61.054022965853264}",0.8666666666666667,0.8571428571428571,0.8928571428571429,0.8571428571428571,0.6666666666666667,0.8280952380952382,0.0817662172643096,24,1.0,1.0,1.0,1.0,1.0,1.0,0.0,Fermented
31,0.014047908782958984,0.0026150808419000537,0.0011146068572998047,0.00024897169916500954,0.45,37.27593720314938,"{'l1_ratio': 0.45, 'C': 37.27593720314938}",0.8666666666666667,0.8571428571428571,0.8928571428571429,0.8571428571428571,0.6666666666666667,0.8280952380952382,0.0817662172643096,24,1.0,1.0,1.0,1.0,1.0,1.0,0.0,Fermented
32,0.008562183380126953,0.0010400329526561714,0.001033449172973633,0.00029459309136372404,0.05,100.0,"{'l1_ratio': 0.05, 'C': 100.0}",0.8666666666666667,0.8571428571428571,0.8928571428571429,0.8571428571428571,0.6666666666666667,0.8280952380952382,0.0817662172643096,24,1.0,1.0,1.0,1.0,1.0,1.0,0.0,Fermented
33,0.01485743522644043,0.003647683168408463,0.00107574462890625,0.00018461592862082608,0.7000000000000001,5.17947467923121,"{'l1_ratio': 0.7000000000000001, 'C': 5.17947467923121}",0.8666666666666667,0.9285714285714286,0.9285714285714286,0.7857142857142856,0.625,0.8269047619047619,0.11376767511128441,34,1.0,1.0,1.0,1.0,1.0,1.0,0.0,Fermented
34,0.002172040939331055,0.0005927179747042994,0.0009291648864746093,9.06825183145278e-05,0.9,0.1,"{'l1_ratio': 0.9, 'C': 0.1}",0.8,1.0,0.9642857142857143,0.6785714285714286,0.6666666666666667,0.821904761904762,0.13936526015101988,35,0.9328703703703705,0.911764705882353,0.9027149321266967,0.9638009049773756,0.9237472766884532,0.9269796380090499,0.021077118872319372,Fermented
35,0.006444454193115234,0.0009932577409534572,0.0006711006164550782,6.808883994555853e-05,0.8500000000000001,3.1622776601683795,"{'l1_ratio': 0.8500000000000001, 'C': 3.1622776601683795}",0.8333333333333334,0.9642857142857143,1.0,0.6785714285714285,0.625,0.8202380952380952,0.14928020799444988,36,1.0,1.0,1.0,1.0,1.0,1.0,0.0,Fermented
36,0.009042835235595703,0.0008093271357300789,0.0011466503143310546,0.0001414624528471434,0.75,3.1622776601683795,"{'l1_ratio': 0.75, 'C': 3.1622776601683795}",0.8333333333333334,0.9642857142857143,1.0,0.7142857142857142,0.5833333333333334,0.819047619047619,0.15529213199162217,37,1.0,1.0,1.0,1.0,1.0,1.0,0.0,Fermented
37,0.0016385555267333985,0.00013830658280218137,0.0007889747619628906,4.2680361945049986e-05,0.15000000000000002,0.1,"{'l1_ratio': 0.15000000000000002, 'C': 0.1}",0.8333333333333334,1.0,0.9285714285714286,0.6071428571428572,0.6666666666666667,0.8071428571428572,0.1499054879875923,38,0.9814814814814815,0.9751131221719458,0.9638009049773755,0.9886877828054299,0.9607843137254901,0.9739735210323446,0.010503475302727792,Fermented
38,0.0017175674438476562,0.00017778897582788848,0.0010315895080566407,0.0004772394486024047,0.2,0.1,"{'l1_ratio': 0.2, 'C': 0.1}",0.8333333333333334,1.0,0.9285714285714286,0.6071428571428572,0.6666666666666667,0.8071428571428572,0.1499054879875923,38,0.974537037037037,0.9751131221719458,0.9615384615384615,0.9841628959276018,0.9542483660130718,0.9699199765376235,0.010648905409462141,Fermented
39,0.0025711536407470705,0.0004663814393300906,0.0009672641754150391,0.00014276181206517442,0.35000000000000003,0.43939705607607904,"{'l1_ratio': 0.35000000000000003, 'C': 0.43939705607607904}",0.8,1.0,0.9642857142857143,0.6428571428571429,0.625,0.8064285714285713,0.15627030480313686,40,1.0,0.997737556561086,0.9864253393665158,0.995475113122172,0.9956427015250544,0.9950561421149656,0.0046182693500568415,Fermented
40,0.0022211074829101562,0.0004193467930244191,0.0008236885070800782,0.00010093612104744627,0.4,0.43939705607607904,"{'l1_ratio': 0.4, 'C': 0.43939705607607904}",0.8,1.0,0.9642857142857143,0.6428571428571429,0.625,0.8064285714285713,0.15627030480313686,40,1.0,0.997737556561086,0.9864253393665158,0.995475113122172,0.9956427015250544,0.9950561421149656,0.0046182693500568415,Fermented
41,0.0030730724334716796,0.0012662228215043624,0.0012711048126220702,0.0006789654742335388,0.30000000000000004,0.2682695795279726,"{'l1_ratio': 0.30000000000000004, 'C': 0.2682695795279726}",0.8,1.0,0.9285714285714286,0.6428571428571429,0.625,0.7992857142857143,0.14956399217425978,42,0.9976851851851852,0.9932126696832579,0.9819004524886878,0.995475113122172,0.9847494553376906,0.9906045751633987,0.006175815978845386,Fermented
42,0.007955694198608398,0.005595438751513273,0.0012107372283935546,0.0005862216397114995,0.8500000000000001,0.7196856730011519,"{'l1_ratio': 0.8500000000000001, 'C': 0.7196856730011519}",0.8,0.9642857142857143,0.9642857142857143,0.6785714285714286,0.5833333333333334,0.7980952380952382,0.15208602411187797,43,0.9953703703703705,1.0,0.9864253393665159,0.995475113122172,1.0,0.9954541645718116,0.004956942290930694,Fermented
43,0.01369180679321289,0.0009298889998826932,0.0011701583862304688,0.0003536784810238663,0.75,1.9306977288832496,"{'l1_ratio': 0.75, 'C': 1.9306977288832496}",0.8,0.9642857142857143,1.0,0.6785714285714285,0.5416666666666667,0.7969047619047618,0.17229213707788932,44,1.0,1.0,1.0,1.0,1.0,1.0,0.0,Fermented
44,0.0019548416137695314,0.000606500752741521,0.0007149219512939453,0.00014756885933835522,0.35000000000000003,0.2682695795279726,"{'l1_ratio': 0.35000000000000003, 'C': 0.2682695795279726}",0.8,1.0,0.8928571428571428,0.6428571428571429,0.625,0.7921428571428571,0.14396711642678994,45,0.9953703703703705,0.9909502262443439,0.9796380090497738,0.995475113122172,0.9825708061002179,0.9888009049773755,0.006558891760315746,Fermented
45,0.0025910854339599608,0.0007082192553804182,0.0007561206817626953,9.764300103763688e-05,1.0,0.43939705607607904,"{'l1_ratio': 1.0, 'C': 0.43939705607607904}",0.8,1.0,0.8571428571428572,0.7142857142857142,0.5833333333333334,0.7909523809523811,0.13938966410049883,46,0.9814814814814815,0.9886877828054299,0.9796380090497738,0.9841628959276018,0.9760348583877995,0.9820010055304174,0.004262284123504354,Fermented
46,0.004115533828735351,0.0022047302106538657,0.001207590103149414,0.00043410190052153386,0.5,0.43939705607607904,"{'l1_ratio': 0.5, 'C': 0.43939705607607904}",0.8,1.0,0.9285714285714286,0.6428571428571429,0.5833333333333334,0.790952380952381,0.15984970265108947,47,1.0,0.995475113122172,0.9841628959276019,0.995475113122172,0.9912854030501089,0.993279705044411,0.005327202764354337,Fermented
47,0.0026419639587402345,0.0009036983604253652,0.0008155345916748047,9.819622807412033e-05,1.0,0.2682695795279726,"{'l1_ratio': 1.0, 'C': 0.2682695795279726}",0.8,1.0,0.9285714285714286,0.7142857142857143,0.5,0.7885714285714286,0.1750568420804616,48,0.9768518518518519,0.9524886877828055,0.9683257918552037,0.9819004524886878,0.954248366013072,0.9667630299983241,0.011779149128989,Fermented
48,0.001816701889038086,0.00028897124144262903,0.0009336471557617188,0.00033704242100068734,0.75,0.16378937069540642,"{'l1_ratio': 0.75, 'C': 0.16378937069540642}",0.8,1.0,0.9642857142857143,0.6785714285714286,0.5,0.7885714285714286,0.18497655670547078,48,0.962962962962963,0.9434389140271494,0.9434389140271493,0.9751131221719458,0.9281045751633987,0.9506116976705213,0.016506615466915994,Fermented
49,0.001939535140991211,0.0003643920176967841,0.0008665084838867188,0.00013305180312799038,0.35000000000000003,0.16378937069540642,"{'l1_ratio': 0.35000000000000003, 'C': 0.16378937069540642}",0.8,1.0,0.8928571428571428,0.6071428571428572,0.5833333333333334,0.7766666666666667,0.16126906011559342,50,0.9768518518518519,0.9773755656108598,0.9705882352941175,0.9841628959276018,0.9564270152505446,0.9730811127869952,0.00937059356364549,Fermented
50,0.005975961685180664,0.0011288478263105199,0.0010005474090576173,0.00015905329242976295,0.25,1.1787686347935873,"{'l1_ratio': 0.25, 'C': 1.1787686347935873}",1.0,1.0,1.0,0.875,1.0,0.975,0.049999999999999996,1,1.0,1.0,1.0,1.0,1.0,1.0,0.0,Cheesy
51,0.005687522888183594,0.0009177494574800666,0.0016592979431152345,0.0008550498757160831,0.2,1.1787686347935873,"{'l1_ratio': 0.2, 'C': 1.1787686347935873}",1.0,1.0,1.0,0.875,1.0,0.975,0.049999999999999996,1,1.0,1.0,1.0,1.0,1.0,1.0,0.0,Cheesy
52,0.012279367446899414,0.0056476279928266504,0.001119709014892578,0.00014902779300573192,0.45,1.9306977288832496,"{'l1_ratio': 0.45, 'C': 1.9306977288832496}",1.0,1.0,1.0,0.875,1.0,0.975,0.049999999999999996,1,1.0,1.0,1.0,1.0,1.0,1.0,0.0,Cheesy
53,0.007300329208374023,0.002347970441596689,0.0012180805206298828,0.000341739713623362,0.65,1.1787686347935873,"{'l1_ratio': 0.65, 'C': 1.1787686347935873}",1.0,1.0,1.0,0.7916666666666666,1.0,0.9583333333333333,0.08333333333333336,4,1.0,1.0,1.0,1.0,1.0,1.0,0.0,Cheesy
54,0.009459114074707032,0.006008359372878098,0.0009315967559814453,0.00015546102418120844,0.55,1.1787686347935873,"{'l1_ratio': 0.55, 'C': 1.1787686347935873}",1.0,1.0,1.0,0.7916666666666666,1.0,0.9583333333333333,0.08333333333333336,4,1.0,1.0,1.0,1.0,1.0,1.0,0.0,Cheesy
55,0.008008098602294922,0.0016366952783423295,0.0010643959045410155,0.0002665497791698294,0.9500000000000001,1.9306977288832496,"{'l1_ratio': 0.9500000000000001, 'C': 1.9306977288832496}",1.0,1.0,1.0,0.7916666666666666,1.0,0.9583333333333333,0.08333333333333336,4,1.0,1.0,1.0,1.0,1.0,1.0,0.0,Cheesy
56,0.002504777908325195,0.00022814200955614477,0.000786733627319336,0.00016855295823727293,0.30000000000000004,0.16378937069540642,"{'l1_ratio': 0.30000000000000004, 'C': 0.16378937069540642}",1.0,1.0,1.0,0.7916666666666666,1.0,0.9583333333333333,0.08333333333333336,4,0.996969696969697,0.996969696969697,0.9967320261437909,1.0,0.9970588235294118,0.9975460487225194,0.0012317678925585218,Cheesy
57,0.004836845397949219,0.0014428123683015135,0.0012546539306640624,0.0006678058963908425,1.0,0.7196856730011519,"{'l1_ratio': 1.0, 'C': 0.7196856730011519}",1.0,1.0,1.0,0.75,1.0,0.95,0.09999999999999999,8,0.996969696969697,0.996969696969697,0.9967320261437909,1.0,0.9970588235294118,0.9975460487225194,0.0012317678925585218,Cheesy
58,0.0032510280609130858,0.0006243794386551958,0.000927877426147461,0.00013500736193582325,0.1,0.2682695795279726,"{'l1_ratio': 0.1, 'C': 0.2682695795279726}",1.0,1.0,1.0,0.75,1.0,0.95,0.09999999999999999,8,0.996969696969697,1.0,0.9967320261437909,1.0,1.0,0.9987403446226976,0.0015445861084766716,Cheesy
59,0.005997657775878906,0.0017532601107762345,0.000962066650390625,0.00012396201621891855,0.9,0.7196856730011519,"{'l1_ratio': 0.9, 'C': 0.7196856730011519}",1.0,1.0,1.0,0.75,1.0,0.95,0.09999999999999999,8,0.996969696969697,0.996969696969697,0.9967320261437909,1.0,1.0,0.998134284016637,0.001525820787832726,Cheesy
60,0.002524995803833008,0.0001289064326519828,0.0008472442626953125,0.00012828378346246852,0.45,0.2682695795279726,"{'l1_ratio': 0.45, 'C': 0.2682695795279726}",1.0,1.0,1.0,0.75,1.0,0.95,0.09999999999999999,8,0.996969696969697,0.996969696969697,0.9967320261437909,1.0,0.9970588235294118,0.9975460487225194,0.0012317678925585218,Cheesy
61,0.002273893356323242,0.0005654126356626881,0.0007830619812011719,0.00012465462725846197,0.4,0.16378937069540642,"{'l1_ratio': 0.4, 'C': 0.16378937069540642}",1.0,1.0,1.0,0.75,1.0,0.95,0.09999999999999999,8,0.993939393939394,0.996969696969697,0.9967320261437909,1.0,0.9970588235294118,0.9969399881164588,0.001919660949035368,Cheesy
62,0.010867691040039063,0.002106525956966369,0.0011350154876708985,0.0002766149411003399,0.9500000000000001,3.1622776601683795,"{'l1_ratio': 0.9500000000000001, 'C': 3.1622776601683795}",1.0,1.0,1.0,0.875,0.875,0.95,0.06123724356957946,8,1.0,1.0,1.0,1.0,1.0,1.0,0.0,Cheesy
63,0.002297067642211914,0.0005432308093943676,0.0006913185119628906,0.0001084567767284761,0.55,0.2682695795279726,"{'l1_ratio': 0.55, 'C': 0.2682695795279726}",1.0,1.0,1.0,0.75,1.0,0.95,0.09999999999999999,8,0.996969696969697,0.996969696969697,0.9967320261437909,1.0,0.9970588235294118,0.9975460487225194,0.0012317678925585218,Cheesy
64,0.007476091384887695,0.0023353882879201798,0.0010976314544677735,0.00015465523535491662,0.9500000000000001,1.1787686347935873,"{'l1_ratio': 0.9500000000000001, 'C': 1.1787686347935873}",1.0,1.0,1.0,0.75,1.0,0.95,0.09999999999999999,8,0.996969696969697,0.996969696969697,0.9967320261437909,1.0,1.0,0.998134284016637,0.001525820787832726,Cheesy
65,0.009870386123657227,0.00034326253468828914,0.0012485027313232423,0.00021441414290118327,0.65,3.1622776601683795,"{'l1_ratio': 0.65, 'C': 3.1622776601683795}",1.0,1.0,1.0,0.875,0.875,0.95,0.06123724356957946,8,1.0,1.0,1.0,1.0,1.0,1.0,0.0,Cheesy
66,0.010783767700195313,0.002366648483722797,0.001179075241088867,0.00012899935489936335,0.75,3.1622776601683795,"{'l1_ratio': 0.75, 'C': 3.1622776601683795}",1.0,1.0,1.0,0.875,0.875,0.95,0.06123724356957946,8,1.0,1.0,1.0,1.0,1.0,1.0,0.0,Cheesy
67,0.005698108673095703,0.0023270643987048194,0.0009806632995605468,0.00016385053146491114,0.05,0.7196856730011519,"{'l1_ratio': 0.05, 'C': 0.7196856730011519}",1.0,1.0,1.0,0.7916666666666666,0.9375,0.9458333333333332,0.08079466429027217,18,1.0,1.0,1.0,1.0,1.0,1.0,0.0,Cheesy
68,0.0050757408142089845,0.0037101797482187366,0.0007715702056884765,0.0002479700120829355,0.9,0.43939705607607904,"{'l1_ratio': 0.9, 'C': 0.43939705607607904}",1.0,1.0,1.0,0.7083333333333333,1.0,0.9416666666666667,0.1166666666666667,19,0.996969696969697,0.996969696969697,0.9967320261437909,1.0,0.9970588235294118,0.9975460487225194,0.0012317678925585218,Cheesy
69,0.0019379138946533203,0.0003314669428457585,0.0008534908294677735,0.00011396402095649458,0.6000000000000001,0.16378937069540642,"{'l1_ratio': 0.6000000000000001, 'C': 0.16378937069540642}",0.9444444444444444,1.0,1.0,0.75,1.0,0.9388888888888889,0.09686442096757052,20,0.993939393939394,0.9909090909090909,0.9934640522875817,1.0,0.9941176470588236,0.994486036838978,0.002989224442544402,Cheesy
70,0.002474546432495117,0.0003479373278584804,0.0009435653686523437,0.0002229241304685835,0.5,0.16378937069540642,"{'l1_ratio': 0.5, 'C': 0.16378937069540642}",0.9444444444444444,1.0,1.0,0.75,1.0,0.9388888888888889,0.09686442096757052,20,0.993939393939394,0.996969696969697,0.9967320261437909,1.0,0.9941176470588236,0.9963517528223411,0.0022202195468137816,Cheesy
71,0.0025963783264160156,0.0007595423677132629,0.00103912353515625,0.00016827600202932986,0.35000000000000003,0.1,"{'l1_ratio': 0.35000000000000003, 'C': 0.1}",0.9444444444444444,1.0,1.0,0.75,1.0,0.9388888888888889,0.09686442096757052,20,0.993939393939394,0.993939393939394,0.9934640522875817,1.0,0.9911764705882353,0.994503862150921,0.0029324910619832126,Cheesy
72,0.0018354892730712891,0.00021459667324977727,0.0009024143218994141,0.0002510561449424088,0.4,0.1,"{'l1_ratio': 0.4, 'C': 0.1}",0.9444444444444444,1.0,1.0,0.75,1.0,0.9388888888888889,0.09686442096757052,20,0.993939393939394,0.9909090909090909,0.9934640522875817,1.0,0.9911764705882353,0.9938978015448605,0.0032791684241962604,Cheesy
73,0.013413190841674805,0.0021091192080422588,0.0010301589965820313,0.00010599355333258383,0.35000000000000003,3.1622776601683795,"{'l1_ratio': 0.35000000000000003, 'C': 3.1622776601683795}",1.0,1.0,1.0,0.875,0.8125,0.9375,0.07905694150420949,24,1.0,1.0,1.0,1.0,1.0,1.0,0.0,Cheesy
74,0.004795885086059571,0.0016801495109643346,0.0010323524475097656,0.00021735433392442558,0.0,0.43939705607607904,"{'l1_ratio': 0.0, 'C': 0.43939705607607904}",1.0,1.0,1.0,0.75,0.9375,0.9375,0.09682458365518543,24,1.0,1.0,1.0,1.0,1.0,1.0,0.0,Cheesy
75,0.009473705291748047,0.0024484687433885925,0.0009472370147705078,6.144838222944178e-05,0.0,1.9306977288832496,"{'l1_ratio': 0.0, 'C': 1.9306977288832496}",1.0,1.0,1.0,0.875,0.8125,0.9375,0.07905694150420949,24,1.0,1.0,1.0,1.0,1.0,1.0,0.0,Cheesy
76,0.01749453544616699,0.0021167974048557615,0.0010395526885986328,0.00024442988076261383,0.15000000000000002,5.17947467923121,"{'l1_ratio': 0.15000000000000002, 'C': 5.17947467923121}",1.0,1.0,1.0,0.875,0.8125,0.9375,0.07905694150420949,24,1.0,1.0,1.0,1.0,1.0,1.0,0.0,Cheesy
77,0.002759504318237305,0.00041569112799984243,0.0008776187896728516,0.00013244593061011894,0.7000000000000001,0.2682695795279726,"{'l1_ratio': 0.7000000000000001, 'C': 0.2682695795279726}",0.9444444444444444,1.0,1.0,0.7083333333333333,1.0,0.9305555555555556,0.11317527104146316,28,0.993939393939394,0.996969696969697,0.9967320261437909,1.0,0.9970588235294118,0.9969399881164588,0.001919660949035368,Cheesy
78,0.004473352432250976,0.0019465704337715464,0.000840139389038086,0.00015241444684168997,0.65,0.2682695795279726,"{'l1_ratio': 0.65, 'C': 0.2682695795279726}",0.9444444444444444,1.0,1.0,0.7083333333333333,1.0,0.9305555555555556,0.11317527104146316,28,0.996969696969697,0.996969696969697,0.9967320261437909,1.0,0.9970588235294118,0.9975460487225194,0.0012317678925585218,Cheesy
79,0.01434774398803711,0.003441953085991564,0.0009080410003662109,0.0002605786848272977,0.35000000000000003,8.483428982440717,"{'l1_ratio': 0.35000000000000003, 'C': 8.483428982440717}",1.0,1.0,0.9583333333333334,0.875,0.8125,0.9291666666666668,0.07406828681096324,30,1.0,1.0,1.0,1.0,1.0,1.0,0.0,Cheesy
80,0.015789604187011717,0.004774641846310177,0.0010003089904785157,0.00014079101394282354,0.7000000000000001,8.483428982440717,"{'l1_ratio': 0.7000000000000001, 'C': 8.483428982440717}",1.0,1.0,0.9583333333333334,0.875,0.8125,0.9291666666666668,0.07406828681096324,30,1.0,1.0,1.0,1.0,1.0,1.0,0.0,Cheesy
81,0.012336111068725586,0.0007095152746138198,0.0013173580169677734,0.00014029798769713586,0.0,5.17947467923121,"{'l1_ratio': 0.0, 'C': 5.17947467923121}",1.0,1.0,0.9583333333333334,0.875,0.8125,0.9291666666666668,0.07406828681096324,30,1.0,1.0,1.0,1.0,1.0,1.0,0.0,Cheesy
82,0.009769153594970704,0.00035572094827784716,0.0015557289123535156,0.000985629365912134,0.25,8.483428982440717,"{'l1_ratio': 0.25, 'C': 8.483428982440717}",1.0,1.0,0.9583333333333334,0.875,0.8125,0.9291666666666668,0.07406828681096324,30,1.0,1.0,1.0,1.0,1.0,1.0,0.0,Cheesy
83,0.010232114791870117,0.0006456278556541092,0.0011114120483398438,0.00012083985022553822,0.4,8.483428982440717,"{'l1_ratio': 0.4, 'C': 8.483428982440717}",1.0,1.0,0.9583333333333334,0.875,0.8125,0.9291666666666668,0.07406828681096324,30,1.0,1.0,1.0,1.0,1.0,1.0,0.0,Cheesy
84,0.010468626022338867,0.0004478707978571591,0.001146554946899414,0.00013537683212024542,0.6000000000000001,8.483428982440717,"{'l1_ratio': 0.6000000000000001, 'C': 8.483428982440717}",1.0,1.0,0.9583333333333334,0.875,0.8125,0.9291666666666668,0.07406828681096324,30,1.0,1.0,1.0,1.0,1.0,1.0,0.0,Cheesy
85,0.013156890869140625,0.0022827368298293494,0.0011501312255859375,0.00023241519531763726,1.0,13.894954943731374,"{'l1_ratio': 1.0, 'C': 13.894954943731374}",1.0,1.0,0.9166666666666666,0.9166666666666666,0.8125,0.9291666666666666,0.06922186552431729,36,1.0,1.0,1.0,1.0,1.0,1.0,0.0,Cheesy
86,0.01054682731628418,0.0010860643993800437,0.001184368133544922,0.00016032387105890134,0.8500000000000001,13.894954943731374,"{'l1_ratio': 0.8500000000000001, 'C': 13.894954943731374}",1.0,1.0,0.9166666666666666,0.9166666666666666,0.8125,0.9291666666666666,0.06922186552431729,36,1.0,1.0,1.0,1.0,1.0,1.0,0.0,Cheesy
87,0.010744047164916993,0.0005454128032874519,0.000902557373046875,0.00010388930295444217,0.9500000000000001,0.16378937069540642,"{'l1_ratio': 0.9500000000000001, 'C': 0.16378937069540642}",0.9444444444444444,1.0,1.0,0.6666666666666666,1.0,0.9222222222222222,0.12957670877434002,38,0.9878787878787878,0.9818181818181818,0.9836601307189542,0.9934640522875817,0.9911764705882353,0.9875995246583482,0.004386524001779702,Cheesy
88,0.01301107406616211,0.0016230305614907516,0.0012104511260986328,0.00038852359829301723,0.0,8.483428982440717,"{'l1_ratio': 0.0, 'C': 8.483428982440717}",1.0,1.0,0.9583333333333334,0.8333333333333333,0.8125,0.9208333333333334,0.08164965809277262,39,1.0,1.0,1.0,1.0,1.0,1.0,0.0,Cheesy
89,0.003970527648925781,0.003802920223969869,0.001312398910522461,0.0006301987942364917,0.8,0.1,"{'l1_ratio': 0.8, 'C': 0.1}",0.9444444444444444,1.0,0.9583333333333334,0.5833333333333333,1.0,0.8972222222222221,0.1585038068631901,40,0.9878787878787879,0.9696969696969696,0.9673202614379084,0.9771241830065359,0.9764705882352941,0.9756981580510992,0.007172187279836161,Cheesy
90,0.01478877067565918,0.003942624949332154,0.001220560073852539,0.00030016558617197643,0.25,22.758459260747887,"{'l1_ratio': 0.25, 'C': 22.758459260747887}",1.0,1.0,0.875,0.8333333333333333,0.75,0.8916666666666666,0.09718253158075502,41,1.0,1.0,1.0,1.0,1.0,1.0,0.0,Cheesy
91,0.001653146743774414,0.00022999895188533892,0.0007818698883056641,0.00015724601640523635,1.0,0.1,"{'l1_ratio': 1.0, 'C': 0.1}",1.0,1.0,0.9166666666666666,0.5,1.0,0.8833333333333332,0.19436506316151,42,0.9787878787878788,0.9515151515151515,0.957516339869281,0.9607843137254901,0.9235294117647058,0.9544266191325015,0.017925131483931486,Cheesy
92,0.014276552200317382,0.005672191103154459,0.0009798526763916016,0.0001619969173468632,1.0,100.0,"{'l1_ratio': 1.0, 'C': 100.0}",1.0,1.0,0.8333333333333334,0.875,0.6875,0.8791666666666668,0.11666666666666667,43,1.0,1.0,1.0,1.0,1.0,1.0,0.0,Cheesy
93,0.014583778381347657,0.00402622935252775,0.0008814811706542968,0.00019336534030188476,0.65,100.0,"{'l1_ratio': 0.65, 'C': 100.0}",1.0,1.0,0.8333333333333334,0.875,0.6875,0.8791666666666668,0.11666666666666667,43,1.0,1.0,1.0,1.0,1.0,1.0,0.0,Cheesy
94,0.010936832427978516,0.0020523202607202694,0.0010715007781982421,0.00021353886001299703,0.35000000000000003,61.054022965853264,"{'l1_ratio': 0.35000000000000003, 'C': 61.054022965853264}",1.0,1.0,0.8333333333333334,0.875,0.6875,0.8791666666666668,0.11666666666666667,43,1.0,1.0,1.0,1.0,1.0,1.0,0.0,Cheesy
95,0.009859371185302734,0.002699268704026919,0.0009587764739990235,0.00025617388351703037,0.25,61.054022965853264,"{'l1_ratio': 0.25, 'C': 61.054022965853264}",1.0,1.0,0.8333333333333334,0.875,0.6875,0.8791666666666668,0.11666666666666667,43,1.0,1.0,1.0,1.0,1.0,1.0,0.0,Cheesy
96,0.014495849609375,0.0038134061386709724,0.00099029541015625,0.00014570887434081498,0.9500000000000001,37.27593720314938,"{'l1_ratio': 0.9500000000000001, 'C': 37.27593720314938}",1.0,1.0,0.8333333333333334,0.875,0.6875,0.8791666666666668,0.11666666666666667,43,1.0,1.0,1.0,1.0,1.0,1.0,0.0,Cheesy
97,0.013957738876342773,0.0037523479270330173,0.0010704994201660156,0.0002194175393254032,0.65,37.27593720314938,"{'l1_ratio': 0.65, 'C': 37.27593720314938}",1.0,1.0,0.875,0.8333333333333334,0.6875,0.8791666666666668,0.11666666666666667,43,1.0,1.0,1.0,1.0,1.0,1.0,0.0,Cheesy
98,0.014925289154052734,0.004059049440706703,0.0010955810546875,0.00024780853218016443,0.5,37.27593720314938,"{'l1_ratio': 0.5, 'C': 37.27593720314938}",1.0,1.0,0.875,0.8333333333333333,0.6875,0.8791666666666667,0.11666666666666667,49,1.0,1.0,1.0,1.0,1.0,1.0,0.0,Cheesy
99,0.010712051391601562,0.001589302809211145,0.0011843204498291015,0.0001947388943165023,0.45,22.758459260747887,"{'l1_ratio': 0.45, 'C': 22.758459260747887}",1.0,1.0,0.875,0.8333333333333333,0.6875,0.8791666666666667,0.11666666666666667,49,1.0,1.0,1.0,1.0,1.0,1.0,0.0,Cheesy
100,0.007955026626586915,0.0023185895849069543,0.0013298511505126954,0.00044383116419410303,1.0,0.7196856730011519,"{'l1_ratio': 1.0, 'C': 0.7196856730011519}",0.8333333333333334,0.75,1.0,0.7916666666666666,0.8095238095238095,0.8369047619047618,0.08597842897746566,1,0.9973118279569892,0.9973118279569892,0.9946236559139785,0.9946236559139785,0.9947916666666666,0.9957325268817204,0.0012909524672243696,Milky
101,0.004912853240966797,0.0027865076386192726,0.0009250164031982422,0.00019167877523510599,0.7000000000000001,0.2682695795279726,"{'l1_ratio': 0.7000000000000001, 'C': 0.2682695795279726}",0.875,0.75,1.0,0.6666666666666666,0.8095238095238095,0.8202380952380952,0.11308897225750397,2,0.9731182795698925,0.9758064516129032,0.956989247311828,0.978494623655914,0.9869791666666666,0.9742775537634409,0.00981510707100225,Milky
102,0.005282449722290039,0.0025276129343930406,0.000984334945678711,0.00035846325262425734,0.9,0.2682695795279726,"{'l1_ratio': 0.9, 'C': 0.2682695795279726}",0.875,0.75,0.9583333333333334,0.6666666666666666,0.8095238095238095,0.8119047619047619,0.10035368293194097,3,0.9650537634408601,0.9543010752688172,0.9301075268817205,0.9596774193548387,0.9791666666666666,0.9576612903225807,0.016072931106319042,Milky
103,0.004241514205932617,0.0005848023599884148,0.0009685039520263671,0.0001374347267319909,0.5,0.43939705607607904,"{'l1_ratio': 0.5, 'C': 0.43939705607607904}",0.75,0.5833333333333334,1.0,0.75,0.8095238095238095,0.7785714285714287,0.13396957044414473,4,0.9946236559139785,0.9946236559139785,0.989247311827957,0.9919354838709677,0.9921875,0.9925235215053764,0.0020006687697048634,Milky
104,0.0015407562255859374,0.00012043830569807992,0.0006846427917480469,0.00010499263415015895,0.2,0.1,"{'l1_ratio': 0.2, 'C': 0.1}",0.7083333333333334,0.5833333333333334,1.0,0.7083333333333333,0.8095238095238095,0.7619047619047619,0.1389852273590121,5,0.967741935483871,0.9623655913978495,0.9650537634408602,0.9623655913978495,0.9791666666666666,0.9673387096774194,0.006240960627012822,Milky
105,0.002795505523681641,0.0008284334508991615,0.0008158683776855469,0.00014844646093984247,0.35000000000000003,0.16378937069540642,"{'l1_ratio': 0.35000000000000003, 'C': 0.16378937069540642}",0.75,0.5833333333333334,1.0,0.6666666666666666,0.8095238095238095,0.7619047619047619,0.1414614359763138,5,0.9704301075268817,0.978494623655914,0.9623655913978495,0.9704301075268817,0.984375,0.9732190860215054,0.007558318088838373,Milky
106,0.0017848014831542969,0.0005644047123703742,0.0007804393768310547,0.00014467600853766403,0.4,0.1,"{'l1_ratio': 0.4, 'C': 0.1}",0.4166666666666667,0.9166666666666666,1.0,0.625,0.8095238095238095,0.7535714285714284,0.20999676058402023,7,0.9112903225806452,0.9086021505376344,0.9005376344086022,0.9166666666666667,0.9583333333333333,0.9190860215053764,0.020302373751074368,Milky
107,0.006938314437866211,0.002576045821863814,0.0008884906768798828,0.00020620362962181813,0.5,0.7196856730011519,"{'l1_ratio': 0.5, 'C': 0.7196856730011519}",0.7083333333333334,0.5416666666666666,1.0,0.75,0.7142857142857143,0.7428571428571429,0.14741729684955848,8,0.9973118279569892,0.9973118279569892,0.9946236559139785,0.9973118279569892,0.9947916666666666,0.9962701612903226,0.001276881720430116,Milky
108,0.0039029598236083986,0.00036250114177478954,0.0009890556335449218,2.3993297270439956e-05,0.35000000000000003,0.7196856730011519,"{'l1_ratio': 0.35000000000000003, 'C': 0.7196856730011519}",0.625,0.5416666666666666,1.0,0.7916666666666666,0.6666666666666666,0.7249999999999999,0.1594260539142416,9,0.9973118279569892,1.0,0.9946236559139785,1.0,0.9973958333333334,0.9978662634408602,0.0020074297085005137,Milky
109,0.006847858428955078,0.001148821747968301,0.000829315185546875,0.00011846352957871459,0.75,1.1787686347935873,"{'l1_ratio': 0.75, 'C': 1.1787686347935873}",0.5833333333333334,0.5833333333333334,1.0,0.7083333333333334,0.7142857142857143,0.717857142857143,0.15225068836903016,10,1.0,1.0,1.0,1.0,1.0,1.0,0.0,Milky
110,0.0075457096099853516,0.0026658044792611094,0.0009395122528076172,0.00019632252708086913,0.7000000000000001,1.1787686347935873,"{'l1_ratio': 0.7000000000000001, 'C': 1.1787686347935873}",0.5833333333333334,0.5416666666666666,1.0,0.75,0.7142857142857143,0.7178571428571429,0.16111502067349684,11,1.0,1.0,1.0,1.0,1.0,1.0,0.0,Milky
111,0.005822992324829102,0.0011704849138896164,0.0010269641876220702,0.00015697133059293858,0.5,1.1787686347935873,"{'l1_ratio': 0.5, 'C': 1.1787686347935873}",0.5833333333333334,0.5416666666666666,1.0,0.7916666666666666,0.6666666666666666,0.7166666666666666,0.16541194367732673,12,1.0,1.0,1.0,1.0,1.0,1.0,0.0,Milky
112,0.009726572036743163,0.002800172339595538,0.0010468006134033204,0.0002618771526582198,0.6000000000000001,1.9306977288832496,"{'l1_ratio': 0.6000000000000001, 'C': 1.9306977288832496}",0.5416666666666666,0.5416666666666666,1.0,0.7916666666666666,0.6666666666666666,0.7083333333333333,0.1728036779443977,13,1.0,1.0,1.0,1.0,1.0,1.0,0.0,Milky
113,0.008825445175170898,0.0026110716605143637,0.0009572029113769532,0.00017598730748695065,0.65,1.1787686347935873,"{'l1_ratio': 0.65, 'C': 1.1787686347935873}",0.5833333333333334,0.5416666666666666,1.0,0.75,0.6666666666666666,0.7083333333333333,0.16244657241348273,13,1.0,1.0,1.0,1.0,1.0,1.0,0.0,Milky
114,0.00680384635925293,0.0020940928361359336,0.0007555961608886718,0.00020954925621739255,0.05,3.1622776601683795,"{'l1_ratio': 0.05, 'C': 3.1622776601683795}",0.5833333333333334,0.5,1.0,0.875,0.5714285714285714,0.705952380952381,0.19523809523809524,15,1.0,1.0,1.0,1.0,1.0,1.0,0.0,Milky
115,0.011370277404785157,0.003756710157026524,0.0008893489837646484,0.00011283738536544183,0.30000000000000004,3.1622776601683795,"{'l1_ratio': 0.30000000000000004, 'C': 3.1622776601683795}",0.5416666666666666,0.5,1.0,0.875,0.5714285714285714,0.6976190476190476,0.2010953564944455,16,1.0,1.0,1.0,1.0,1.0,1.0,0.0,Milky
116,0.003210592269897461,0.0014253324328672562,0.0007411956787109375,0.00020137897380230054,0.0,0.43939705607607904,"{'l1_ratio': 0.0, 'C': 0.43939705607607904}",0.6666666666666666,0.5,1.0,0.8333333333333333,0.47619047619047616,0.6952380952380952,0.19943230087020883,17,0.9919354838709677,1.0,0.9919354838709677,0.9973118279569892,0.9973958333333334,0.9957157258064516,0.003234370631944393,Milky
117,0.0016405582427978516,0.0002455740530340828,0.000772857666015625,0.00010579796979089458,0.8,0.1,"{'l1_ratio': 0.8, 'C': 0.1}",0.375,0.9583333333333334,0.6875,0.5416666666666666,0.9047619047619049,0.693452380952381,0.21876923303852178,18,0.846774193548387,0.8494623655913979,0.7231182795698925,0.868279569892473,0.8880208333333333,0.8351310483870968,0.05793783511627813,Milky
118,0.014695072174072265,0.004232393509615442,0.0010538101196289062,0.00029642627099781406,1.0,1.9306977288832496,"{'l1_ratio': 1.0, 'C': 1.9306977288832496}",0.5,0.625,0.875,0.75,0.7142857142857143,0.6928571428571428,0.1254583433589307,19,1.0,1.0,1.0,1.0,1.0,1.0,0.0,Milky
119,0.01417403221130371,0.0018737295678366989,0.0010405540466308593,9.66522689749481e-05,0.55,3.1622776601683795,"{'l1_ratio': 0.55, 'C': 3.1622776601683795}",0.5416666666666666,0.5,1.0,0.8333333333333333,0.5714285714285714,0.6892857142857143,0.19432130859753052,20,1.0,1.0,1.0,1.0,1.0,1.0,0.0,Milky
120,0.0034656524658203125,0.0005302681119340861,0.0010493278503417968,0.00030324704166762256,0.0,0.7196856730011519,"{'l1_ratio': 0.0, 'C': 0.7196856730011519}",0.5833333333333334,0.5,1.0,0.8333333333333333,0.47619047619047616,0.6785714285714286,0.2045403009039479,21,0.9946236559139785,1.0,0.9973118279569892,1.0,1.0,0.9983870967741936,0.0021505376344086004,Milky
121,0.01170492172241211,0.00419632414230935,0.0008577823638916016,7.731446564611517e-05,0.9500000000000001,1.9306977288832496,"{'l1_ratio': 0.9500000000000001, 'C': 1.9306977288832496}",0.5,0.5833333333333334,0.875,0.75,0.6666666666666666,0.675,0.13017082793177756,22,1.0,1.0,1.0,1.0,1.0,1.0,0.0,Milky
122,0.014050674438476563,0.0025681365473994256,0.0010461807250976562,0.00013271055742261888,0.65,3.1622776601683795,"{'l1_ratio': 0.65, 'C': 3.1622776601683795}",0.5416666666666666,0.5,0.9583333333333334,0.7916666666666666,0.5714285714285714,0.6726190476190477,0.17492304754479407,23,1.0,1.0,1.0,1.0,1.0,1.0,0.0,Milky
123,0.009172868728637696,0.0009723219617273022,0.0011896133422851563,0.00011407053137678976,0.8,3.1622776601683795,"{'l1_ratio': 0.8, 'C': 3.1622776601683795}",0.5,0.5416666666666666,0.9583333333333334,0.75,0.5714285714285714,0.6642857142857143,0.16997565518629154,24,1.0,1.0,1.0,1.0,1.0,1.0,0.0,Milky
124,0.017334413528442384,0.00696182699791228,0.001031494140625,0.0001346102598637179,0.9500000000000001,3.1622776601683795,"{'l1_ratio': 0.9500000000000001, 'C': 3.1622776601683795}",0.5,0.5416666666666666,0.9166666666666666,0.75,0.5714285714285714,0.6559523809523808,0.155784169551958,25,1.0,1.0,1.0,1.0,1.0,1.0,0.0,Milky
125,0.012612199783325196,0.0019477513888467987,0.0011487007141113281,0.00022701961205011162,0.25,8.483428982440717,"{'l1_ratio': 0.25, 'C': 8.483428982440717}",0.5833333333333334,0.5416666666666666,0.9166666666666666,0.875,0.3333333333333333,0.65,0.21826334756181323,26,1.0,1.0,1.0,1.0,1.0,1.0,0.0,Milky
126,0.009671306610107422,9.227675019308362e-05,0.0009752750396728515,0.00012827323708672724,0.9,5.17947467923121,"{'l1_ratio': 0.9, 'C': 5.17947467923121}",0.5,0.5416666666666666,0.9583333333333334,0.75,0.4761904761904762,0.6452380952380953,0.18406625298388715,27,1.0,1.0,1.0,1.0,1.0,1.0,0.0,Milky
127,0.011902618408203124,0.001366295459307184,0.0012175559997558594,0.00024829485461503307,0.0,8.483428982440717,"{'l1_ratio': 0.0, 'C': 8.483428982440717}",0.5833333333333334,0.5416666666666666,0.9166666666666666,0.875,0.2857142857142857,0.6404761904761904,0.23245095549818276,28,1.0,1.0,1.0,1.0,1.0,1.0,0.0,Milky
128,0.013024663925170899,0.0016838800759104576,0.0009119510650634766,0.00015222864777463373,0.05,13.894954943731374,"{'l1_ratio': 0.05, 'C': 13.894954943731374}",0.5833333333333334,0.5416666666666666,0.9166666666666666,0.8333333333333334,0.23809523809523808,0.6226190476190476,0.2395077150703737,29,1.0,1.0,1.0,1.0,1.0,1.0,0.0,Milky
129,0.0161135196685791,0.004902715872489451,0.0010293006896972656,0.00011066602533407979,0.5,13.894954943731374,"{'l1_ratio': 0.5, 'C': 13.894954943731374}",0.5833333333333334,0.5416666666666666,0.9166666666666666,0.7916666666666666,0.23809523809523808,0.6142857142857142,0.23265815823672356,30,1.0,1.0,1.0,1.0,1.0,1.0,0.0,Milky
130,0.012868833541870118,0.0009600509179618775,0.0010111331939697266,0.00016782303936243456,0.15000000000000002,13.894954943731374,"{'l1_ratio': 0.15000000000000002, 'C': 13.894954943731374}",0.5833333333333334,0.5416666666666666,0.9166666666666666,0.7916666666666666,0.23809523809523808,0.6142857142857142,0.23265815823672356,30,1.0,1.0,1.0,1.0,1.0,1.0,0.0,Milky
131,0.01654653549194336,0.0024481859006765766,0.0009963035583496094,0.0001167465841376901,0.4,13.894954943731374,"{'l1_ratio': 0.4, 'C': 13.894954943731374}",0.5833333333333334,0.5416666666666666,0.9166666666666666,0.7916666666666666,0.23809523809523808,0.6142857142857142,0.23265815823672356,30,1.0,1.0,1.0,1.0,1.0,1.0,0.0,Milky
132,0.009587240219116212,9.939194457632978e-05,0.0010159969329833984,7.402881140085584e-05,0.05,22.758459260747887,"{'l1_ratio': 0.05, 'C': 22.758459260747887}",0.5833333333333334,0.5416666666666666,0.9166666666666666,0.7916666666666666,0.23809523809523808,0.6142857142857142,0.23265815823672356,30,1.0,1.0,1.0,1.0,1.0,1.0,0.0,Milky
133,0.010446834564208984,0.00031407817574481174,0.0011670112609863282,3.23225255645901e-05,0.75,13.894954943731374,"{'l1_ratio': 0.75, 'C': 13.894954943731374}",0.5416666666666666,0.5416666666666666,0.9166666666666666,0.7916666666666666,0.23809523809523808,0.6059523809523809,0.23435756737889882,34,1.0,1.0,1.0,1.0,1.0,1.0,0.0,Milky
134,0.014489269256591797,0.001603435955105948,0.001030874252319336,0.00015431509877485996,0.55,13.894954943731374,"{'l1_ratio': 0.55, 'C': 13.894954943731374}",0.5416666666666666,0.5416666666666666,0.9166666666666666,0.7916666666666666,0.23809523809523808,0.6059523809523809,0.23435756737889882,34,1.0,1.0,1.0,1.0,1.0,1.0,0.0,Milky
135,0.016679859161376952,0.005374293745244295,0.0012512683868408203,0.00034794381042205723,0.7000000000000001,13.894954943731374,"{'l1_ratio': 0.7000000000000001, 'C': 13.894954943731374}",0.5416666666666666,0.5416666666666666,0.9166666666666666,0.7916666666666666,0.23809523809523808,0.6059523809523809,0.23435756737889882,34,1.0,1.0,1.0,1.0,1.0,1.0,0.0,Milky
136,0.011995697021484375,0.0034863832901127568,0.0008578300476074219,0.0001917146313875067,0.65,22.758459260747887,"{'l1_ratio': 0.65, 'C': 22.758459260747887}",0.5833333333333334,0.5416666666666666,0.9166666666666666,0.7916666666666666,0.1904761904761905,0.6047619047619047,0.24831061851098135,37,1.0,1.0,1.0,1.0,1.0,1.0,0.0,Milky
137,0.010860824584960937,0.005607474721722393,0.0010016441345214843,0.0001835209508647001,0.30000000000000004,22.758459260747887,"{'l1_ratio': 0.30000000000000004, 'C': 22.758459260747887}",0.5833333333333334,0.5416666666666666,0.9166666666666666,0.7916666666666666,0.1904761904761905,0.6047619047619047,0.24831061851098135,37,1.0,1.0,1.0,1.0,1.0,1.0,0.0,Milky
138,0.016135263442993163,0.006001617989684656,0.0023968696594238283,0.0026701677133472578,0.25,37.27593720314938,"{'l1_ratio': 0.25, 'C': 37.27593720314938}",0.5833333333333334,0.5416666666666666,0.9166666666666666,0.7916666666666666,0.1904761904761905,0.6047619047619047,0.24831061851098135,37,1.0,1.0,1.0,1.0,1.0,1.0,0.0,Milky
139,0.015623855590820312,0.0023592212945314655,0.0010130882263183593,0.00016681004233281028,0.45,22.758459260747887,"{'l1_ratio': 0.45, 'C': 22.758459260747887}",0.5833333333333334,0.5416666666666666,0.9166666666666666,0.7916666666666666,0.1904761904761905,0.6047619047619047,0.24831061851098135,37,1.0,1.0,1.0,1.0,1.0,1.0,0.0,Milky
140,0.008712005615234376,0.001021421527127235,0.0008925914764404297,0.00018318848665107478,0.35000000000000003,100.0,"{'l1_ratio': 0.35000000000000003, 'C': 100.0}",0.5833333333333334,0.5416666666666666,0.9166666666666666,0.7916666666666666,0.1428571428571429,0.5952380952380951,0.26440902314269527,41,1.0,1.0,1.0,1.0,1.0,1.0,0.0,Milky
141,0.011793231964111328,0.0015645487248690578,0.0011606693267822265,0.00021444239120443665,0.75,100.0,"{'l1_ratio': 0.75, 'C': 100.0}",0.5833333333333334,0.5416666666666666,0.9166666666666666,0.7916666666666666,0.1428571428571429,0.5952380952380951,0.26440902314269527,41,1.0,1.0,1.0,1.0,1.0,1.0,0.0,Milky
142,0.013781356811523437,0.0038158779266267216,0.0009893417358398438,0.00024972943947150413,0.6000000000000001,37.27593720314938,"{'l1_ratio': 0.6000000000000001, 'C': 37.27593720314938}",0.5833333333333334,0.5416666666666666,0.9166666666666666,0.7916666666666666,0.1428571428571429,0.5952380952380951,0.26440902314269527,41,1.0,1.0,1.0,1.0,1.0,1.0,0.0,Milky
143,0.016420459747314452,0.0034448228853809545,0.0010130882263183593,7.768413457300028e-05,0.75,61.054022965853264,"{'l1_ratio': 0.75, 'C': 61.054022965853264}",0.5833333333333334,0.5416666666666666,0.9166666666666666,0.7916666666666666,0.1428571428571429,0.5952380952380951,0.26440902314269527,41,1.0,1.0,1.0,1.0,1.0,1.0,0.0,Milky
144,0.01686854362487793,0.0025185321495344087,0.0011959552764892578,0.00014527714052290372,0.25,100.0,"{'l1_ratio': 0.25, 'C': 100.0}",0.5833333333333334,0.5416666666666666,0.9166666666666666,0.7916666666666666,0.1428571428571429,0.5952380952380951,0.26440902314269527,41,1.0,1.0,1.0,1.0,1.0,1.0,0.0,Milky
145,0.015336561203002929,0.0007061685502773416,0.0011493206024169923,0.00015081995236937922,0.75,37.27593720314938,"{'l1_ratio': 0.75, 'C': 37.27593720314938}",0.5833333333333334,0.5416666666666666,0.9166666666666666,0.7916666666666666,0.1428571428571429,0.5952380952380951,0.26440902314269527,41,1.0,1.0,1.0,1.0,1.0,1.0,0.0,Milky
146,0.013232278823852538,0.002821031840385426,0.0010240554809570312,0.000154335430874887,0.1,100.0,"{'l1_ratio': 0.1, 'C': 100.0}",0.5833333333333334,0.5416666666666666,0.9166666666666666,0.7916666666666666,0.1428571428571429,0.5952380952380951,0.26440902314269527,41,1.0,1.0,1.0,1.0,1.0,1.0,0.0,Milky
147,0.01547861099243164,0.003551444186986382,0.0013043403625488282,0.00024093041011191826,0.45,61.054022965853264,"{'l1_ratio': 0.45, 'C': 61.054022965853264}",0.5833333333333334,0.5416666666666666,0.9166666666666666,0.7916666666666666,0.1428571428571429,0.5952380952380951,0.26440902314269527,41,1.0,1.0,1.0,1.0,1.0,1.0,0.0,Milky
148,0.014195632934570313,0.0012355588307923792,0.0010506153106689454,0.00014732729575305081,0.0,100.0,"{'l1_ratio': 0.0, 'C': 100.0}",0.5833333333333334,0.5416666666666666,0.9166666666666666,0.7916666666666666,0.1428571428571429,0.5952380952380951,0.26440902314269527,41,1.0,1.0,1.0,1.0,1.0,1.0,0.0,Milky
149,0.013347434997558593,0.0021896104123673567,0.0012650489807128906,0.00013788882406154688,0.9,37.27593720314938,"{'l1_ratio': 0.9, 'C': 37.27593720314938}",0.5833333333333334,0.5416666666666666,0.9166666666666666,0.75,0.1428571428571429,0.5869047619047618,0.25868146391506797,50,1.0,1.0,1.0,1.0,1.0,1.0,0.0,Milky
150,0.008861017227172852,0.00041609900043007813,0.0010061264038085938,9.816848442713698e-05,0.75,61.054022965853264,"{'l1_ratio': 0.75, 'C': 61.054022965853264}",1.0,1.0,1.0,1.0,1.0,1.0,0.0,1,1.0,1.0,1.0,1.0,1.0,1.0,0.0,Fruity
151,0.011816740036010742,0.0020845225236285855,0.0009679317474365235,4.046052500157654e-05,0.65,8.483428982440717,"{'l1_ratio': 0.65, 'C': 8.483428982440717}",1.0,1.0,1.0,1.0,1.0,1.0,0.0,1,1.0,1.0,1.0,1.0,1.0,1.0,0.0,Fruity
152,0.01119685173034668,0.0014940580641989048,0.0010534763336181641,0.00018470665089634228,0.25,3.1622776601683795,"{'l1_ratio': 0.25, 'C': 3.1622776601683795}",1.0,1.0,1.0,1.0,1.0,1.0,0.0,1,1.0,1.0,1.0,1.0,1.0,1.0,0.0,Fruity
153,0.008769989013671875,0.0027673629677705137,0.0008718013763427734,0.00015744716735006465,0.5,1.9306977288832496,"{'l1_ratio': 0.5, 'C': 1.9306977288832496}",1.0,1.0,1.0,1.0,1.0,1.0,0.0,1,1.0,1.0,1.0,1.0,1.0,1.0,0.0,Fruity
154,0.011299705505371094,0.0027833151028496756,0.0009033679962158203,0.0001477473605833215,0.05,100.0,"{'l1_ratio': 0.05, 'C': 100.0}",1.0,1.0,1.0,1.0,1.0,1.0,0.0,1,1.0,1.0,1.0,1.0,1.0,1.0,0.0,Fruity
155,0.004879426956176758,0.0019722606690175605,0.0007877826690673828,0.0001730477063877731,0.8500000000000001,0.2682695795279726,"{'l1_ratio': 0.8500000000000001, 'C': 0.2682695795279726}",1.0,1.0,1.0,1.0,1.0,1.0,0.0,1,1.0,1.0,1.0,1.0,1.0,1.0,0.0,Fruity
156,0.011237716674804688,0.0025059559239872116,0.0009670257568359375,0.0002008375051836213,0.15000000000000002,8.483428982440717,"{'l1_ratio': 0.15000000000000002, 'C': 8.483428982440717}",1.0,1.0,1.0,1.0,1.0,1.0,0.0,1,1.0,1.0,1.0,1.0,1.0,1.0,0.0,Fruity
157,0.01264176368713379,0.0014294569229303807,0.0009787559509277343,0.00016443212075687499,0.9500000000000001,37.27593720314938,"{'l1_ratio': 0.9500000000000001, 'C': 37.27593720314938}",1.0,1.0,1.0,1.0,1.0,1.0,0.0,1,1.0,1.0,1.0,1.0,1.0,1.0,0.0,Fruity
158,0.011865472793579102,0.0016203806234691873,0.0010262489318847655,7.521198916245132e-05,0.25,5.17947467923121,"{'l1_ratio': 0.25, 'C': 5.17947467923121}",1.0,1.0,1.0,1.0,1.0,1.0,0.0,1,1.0,1.0,1.0,1.0,1.0,1.0,0.0,Fruity
159,0.0022938728332519533,0.0004932345895584973,0.0008021354675292969,0.0001659423866209886,0.2,0.1,"{'l1_ratio': 0.2, 'C': 0.1}",1.0,1.0,1.0,1.0,1.0,1.0,0.0,1,1.0,1.0,1.0,1.0,1.0,1.0,0.0,Fruity
160,0.002273750305175781,0.0006935462363537628,0.0007351398468017578,8.995512452495152e-05,0.45,0.1,"{'l1_ratio': 0.45, 'C': 0.1}",1.0,1.0,1.0,1.0,1.0,1.0,0.0,1,1.0,1.0,1.0,1.0,1.0,1.0,0.0,Fruity
161,0.010829639434814454,0.0020286521267342756,0.0008449554443359375,0.00014181444925380187,0.9500000000000001,3.1622776601683795,"{'l1_ratio': 0.9500000000000001, 'C': 3.1622776601683795}",1.0,1.0,1.0,1.0,1.0,1.0,0.0,1,1.0,1.0,1.0,1.0,1.0,1.0,0.0,Fruity
162,0.002587890625,0.0002729197626030334,0.0007994174957275391,0.0001172880808077436,0.1,0.16378937069540642,"{'l1_ratio': 0.1, 'C': 0.16378937069540642}",1.0,1.0,1.0,1.0,1.0,1.0,0.0,1,1.0,1.0,1.0,1.0,1.0,1.0,0.0,Fruity
163,0.0036592006683349608,0.0007076988189525611,0.0007833003997802735,0.00018834703176326035,1.0,0.43939705607607904,"{'l1_ratio': 1.0, 'C': 0.43939705607607904}",1.0,1.0,1.0,1.0,1.0,1.0,0.0,1,1.0,1.0,1.0,1.0,1.0,1.0,0.0,Fruity
164,0.006303119659423828,0.0024879777294150433,0.0008669853210449219,6.221228452496519e-05,0.0,1.1787686347935873,"{'l1_ratio': 0.0, 'C': 1.1787686347935873}",1.0,1.0,1.0,1.0,1.0,1.0,0.0,1,1.0,1.0,1.0,1.0,1.0,1.0,0.0,Fruity
165,0.013216924667358399,0.0034913342014025496,0.0010738849639892578,0.00012319772487956582,0.15000000000000002,61.054022965853264,"{'l1_ratio': 0.15000000000000002, 'C': 61.054022965853264}",1.0,1.0,1.0,1.0,1.0,1.0,0.0,1,1.0,1.0,1.0,1.0,1.0,1.0,0.0,Fruity
166,0.0030542850494384766,0.0005429337193019703,0.0007833957672119141,0.00019013533544193334,0.05,0.2682695795279726,"{'l1_ratio': 0.05, 'C': 0.2682695795279726}",1.0,1.0,1.0,1.0,1.0,1.0,0.0,1,1.0,1.0,1.0,1.0,1.0,1.0,0.0,Fruity
167,0.005869865417480469,0.0038570269545608353,0.0007406234741210938,0.00020715057482779883,0.9500000000000001,0.7196856730011519,"{'l1_ratio': 0.9500000000000001, 'C': 0.7196856730011519}",1.0,1.0,1.0,1.0,1.0,1.0,0.0,1,1.0,1.0,1.0,1.0,1.0,1.0,0.0,Fruity
168,0.004887771606445312,0.0009830876581075597,0.0008792877197265625,0.0001570154603212662,0.7000000000000001,0.43939705607607904,"{'l1_ratio': 0.7000000000000001, 'C': 0.43939705607607904}",1.0,1.0,1.0,1.0,1.0,1.0,0.0,1,1.0,1.0,1.0,1.0,1.0,1.0,0.0,Fruity
169,0.0092254638671875,0.0013817954287840407,0.000933694839477539,0.00022725347595030815,0.8,13.894954943731374,"{'l1_ratio': 0.8, 'C': 13.894954943731374}",1.0,1.0,1.0,1.0,1.0,1.0,0.0,1,1.0,1.0,1.0,1.0,1.0,1.0,0.0,Fruity
170,0.008760929107666016,0.0036200732236290976,0.0006716728210449218,0.0001220805007438002,0.25,100.0,"{'l1_ratio': 0.25, 'C': 100.0}",1.0,1.0,1.0,1.0,1.0,1.0,0.0,1,1.0,1.0,1.0,1.0,1.0,1.0,0.0,Fruity
171,0.004073953628540039,0.000950919291748941,0.0007219314575195312,0.00021855855984203982,0.8500000000000001,0.43939705607607904,"{'l1_ratio': 0.8500000000000001, 'C': 0.43939705607607904}",1.0,1.0,1.0,1.0,1.0,1.0,0.0,1,1.0,1.0,1.0,1.0,1.0,1.0,0.0,Fruity
172,0.002311420440673828,0.000602593747775112,0.0007024765014648438,0.0001089915194680402,0.9,0.16378937069540642,"{'l1_ratio': 0.9, 'C': 0.16378937069540642}",1.0,1.0,1.0,1.0,1.0,1.0,0.0,1,1.0,1.0,1.0,1.0,1.0,1.0,0.0,Fruity
173,0.0037983417510986327,0.002429840768487372,0.0007745265960693359,0.00013735770881238068,1.0,0.2682695795279726,"{'l1_ratio': 1.0, 'C': 0.2682695795279726}",1.0,1.0,1.0,1.0,1.0,1.0,0.0,1,1.0,1.0,1.0,1.0,1.0,1.0,0.0,Fruity
174,0.0026088237762451174,0.0007169850488600319,0.0006644725799560547,9.724298593355457e-05,0.0,0.1,"{'l1_ratio': 0.0, 'C': 0.1}",1.0,1.0,1.0,1.0,1.0,1.0,0.0,1,1.0,1.0,1.0,1.0,1.0,1.0,0.0,Fruity
175,0.011793565750122071,0.002948127911645077,0.0009398460388183594,0.0001254929049603477,0.4,13.894954943731374,"{'l1_ratio': 0.4, 'C': 13.894954943731374}",1.0,1.0,1.0,1.0,1.0,1.0,0.0,1,1.0,1.0,1.0,1.0,1.0,1.0,0.0,Fruity
176,0.006579446792602539,0.0025547858488225114,0.0009554862976074219,0.00016253179024791826,0.9500000000000001,0.43939705607607904,"{'l1_ratio': 0.9500000000000001, 'C': 0.43939705607607904}",1.0,1.0,1.0,1.0,1.0,1.0,0.0,1,1.0,1.0,1.0,1.0,1.0,1.0,0.0,Fruity
177,0.00927286148071289,0.0022518996417048463,0.0008881568908691406,5.1789081575901526e-05,0.6000000000000001,1.1787686347935873,"{'l1_ratio': 0.6000000000000001, 'C': 1.1787686347935873}",1.0,1.0,1.0,1.0,1.0,1.0,0.0,1,1.0,1.0,1.0,1.0,1.0,1.0,0.0,Fruity
178,0.007727766036987304,0.0017974309513813086,0.0009017467498779296,0.00021609349875547477,0.15000000000000002,37.27593720314938,"{'l1_ratio': 0.15000000000000002, 'C': 37.27593720314938}",1.0,1.0,1.0,1.0,1.0,1.0,0.0,1,1.0,1.0,1.0,1.0,1.0,1.0,0.0,Fruity
179,0.0042626380920410155,0.0007024797058343112,0.0009240150451660156,0.00013626505980751798,0.1,0.43939705607607904,"{'l1_ratio': 0.1, 'C': 0.43939705607607904}",1.0,1.0,1.0,1.0,1.0,1.0,0.0,1,1.0,1.0,1.0,1.0,1.0,1.0,0.0,Fruity
180,0.01269993782043457,0.003707233101580158,0.0011632919311523437,0.00029405992764664087,0.9,100.0,"{'l1_ratio': 0.9, 'C': 100.0}",1.0,1.0,1.0,1.0,1.0,1.0,0.0,1,1.0,1.0,1.0,1.0,1.0,1.0,0.0,Fruity
181,0.009435796737670898,0.0006016551037887325,0.001063060760498047,0.00015249617621726426,0.30000000000000004,5.17947467923121,"{'l1_ratio': 0.30000000000000004, 'C': 5.17947467923121}",1.0,1.0,1.0,1.0,1.0,1.0,0.0,1,1.0,1.0,1.0,1.0,1.0,1.0,0.0,Fruity
182,0.004188966751098633,0.0007229116216048491,0.0009409904479980469,0.00013687048933580534,0.75,0.43939705607607904,"{'l1_ratio': 0.75, 'C': 0.43939705607607904}",1.0,1.0,1.0,1.0,1.0,1.0,0.0,1,1.0,1.0,1.0,1.0,1.0,1.0,0.0,Fruity
183,0.0020477294921875,0.0004532317598472129,0.0007684707641601562,0.00018671529354001532,0.35000000000000003,0.1,"{'l1_ratio': 0.35000000000000003, 'C': 0.1}",1.0,1.0,1.0,1.0,1.0,1.0,0.0,1,1.0,1.0,1.0,1.0,1.0,1.0,0.0,Fruity
184,0.008479070663452149,0.0012205341937476368,0.0009888648986816407,7.304027785643398e-05,0.75,100.0,"{'l1_ratio': 0.75, 'C': 100.0}",1.0,1.0,1.0,1.0,1.0,1.0,0.0,1,1.0,1.0,1.0,1.0,1.0,1.0,0.0,Fruity
185,0.007635641098022461,0.0011721295513195736,0.0009252071380615234,0.00012707782730840656,0.55,1.9306977288832496,"{'l1_ratio': 0.55, 'C': 1.9306977288832496}",1.0,1.0,1.0,1.0,1.0,1.0,0.0,1,1.0,1.0,1.0,1.0,1.0,1.0,0.0,Fruity
186,0.009440040588378907,0.00046313307242738783,0.0010450363159179687,7.337490489894749e-05,1.0,8.483428982440717,"{'l1_ratio': 1.0, 'C': 8.483428982440717}",1.0,1.0,1.0,1.0,1.0,1.0,0.0,1,1.0,1.0,1.0,1.0,1.0,1.0,0.0,Fruity
187,0.003123950958251953,0.0026994257224594916,0.0007639408111572265,0.00023129401086758385,0.6000000000000001,0.1,"{'l1_ratio': 0.6000000000000001, 'C': 0.1}",1.0,1.0,1.0,1.0,1.0,1.0,0.0,1,1.0,1.0,1.0,1.0,1.0,1.0,0.0,Fruity
188,0.008559465408325195,0.0008725276760361777,0.0009200096130371094,1.967749290075587e-05,0.9500000000000001,61.054022965853264,"{'l1_ratio': 0.9500000000000001, 'C': 61.054022965853264}",1.0,1.0,1.0,1.0,1.0,1.0,0.0,1,1.0,1.0,1.0,1.0,1.0,1.0,0.0,Fruity
189,0.008347272872924805,0.0007649547959662267,0.0008663654327392579,0.00017579282026739787,0.9,37.27593720314938,"{'l1_ratio': 0.9, 'C': 37.27593720314938}",1.0,1.0,1.0,1.0,1.0,1.0,0.0,1,1.0,1.0,1.0,1.0,1.0,1.0,0.0,Fruity
190,0.010676717758178711,0.0026315710825730375,0.0010079383850097657,0.00010795814407429001,0.35000000000000003,13.894954943731374,"{'l1_ratio': 0.35000000000000003, 'C': 13.894954943731374}",1.0,1.0,1.0,1.0,1.0,1.0,0.0,1,1.0,1.0,1.0,1.0,1.0,1.0,0.0,Fruity
191,0.009445285797119141,0.0018518072711001935,0.000977802276611328,0.0002092192463931749,0.8500000000000001,37.27593720314938,"{'l1_ratio': 0.8500000000000001, 'C': 37.27593720314938}",1.0,1.0,1.0,1.0,1.0,1.0,0.0,1,1.0,1.0,1.0,1.0,1.0,1.0,0.0,Fruity
192,0.005013465881347656,0.0002899680045698527,0.0009269237518310547,0.00013945334015674047,0.35000000000000003,1.1787686347935873,"{'l1_ratio': 0.35000000000000003, 'C': 1.1787686347935873}",1.0,1.0,1.0,1.0,1.0,1.0,0.0,1,1.0,1.0,1.0,1.0,1.0,1.0,0.0,Fruity
193,0.00681610107421875,0.002501368980664919,0.0009163856506347656,0.00016801995848138003,0.75,0.7196856730011519,"{'l1_ratio': 0.75, 'C': 0.7196856730011519}",1.0,1.0,1.0,1.0,1.0,1.0,0.0,1,1.0,1.0,1.0,1.0,1.0,1.0,0.0,Fruity
194,0.010734033584594727,0.0027137237420334073,0.0009600162506103515,0.0001864495849535386,0.5,100.0,"{'l1_ratio': 0.5, 'C': 100.0}",1.0,1.0,1.0,1.0,1.0,1.0,0.0,1,1.0,1.0,1.0,1.0,1.0,1.0,0.0,Fruity
195,0.013733577728271485,0.002202202656037424,0.0010170459747314454,0.00011769278085584167,0.35000000000000003,5.17947467923121,"{'l1_ratio': 0.35000000000000003, 'C': 5.17947467923121}",1.0,1.0,1.0,1.0,1.0,1.0,0.0,1,1.0,1.0,1.0,1.0,1.0,1.0,0.0,Fruity
196,0.01120929718017578,0.0023174369207475745,0.001100921630859375,0.0002921714619350905,0.05,22.758459260747887,"{'l1_ratio': 0.05, 'C': 22.758459260747887}",1.0,1.0,1.0,1.0,1.0,1.0,0.0,1,1.0,1.0,1.0,1.0,1.0,1.0,0.0,Fruity
197,0.00760650634765625,0.002367658100585927,0.0009284496307373046,0.00018425258048071727,0.1,1.1787686347935873,"{'l1_ratio': 0.1, 'C': 1.1787686347935873}",1.0,1.0,1.0,1.0,1.0,1.0,0.0,1,1.0,1.0,1.0,1.0,1.0,1.0,0.0,Fruity
198,0.009589195251464844,0.0021569580876861227,0.0009526729583740235,7.769715818527382e-05,0.9500000000000001,1.1787686347935873,"{'l1_ratio': 0.9500000000000001, 'C': 1.1787686347935873}",1.0,1.0,1.0,1.0,1.0,1.0,0.0,1,1.0,1.0,1.0,1.0,1.0,1.0,0.0,Fruity
199,0.00909595489501953,0.0020143450429528256,0.0007513046264648437,0.00010935856614400363,0.8,61.054022965853264,"{'l1_ratio': 0.8, 'C': 61.054022965853264}",1.0,1.0,1.0,1.0,1.0,1.0,0.0,1,1.0,1.0,1.0,1.0,1.0,1.0,0.0,Fruity
